{
  "id": "staminadelevebound",
  "title": "Stamina Delvebound WIP",
  "version": "1.0.0",
"manifest": "https://github.com/EonVankmer1412/StaminaDelvebound/releases/latest/download/module.json",
"download": "https://github.com/EonVankmer1412/StaminaDelvebound/releases/download/1.0.0/module.zip",
  "compatibility": {
    "minimum": "13",
    "verified": "13"
  },
  "flags": {
    "canUpload": true
  },
  "packs": [
    {
      "name": "staminadelvebound",
      "label": "Stamina Delvebound",
      "path": "packs/staminadelvebound",
      "type": "Item",
      "ownership": {
        "PLAYER": "OBSERVER",
        "ASSISTANT": "OWNER"
      },
      "system": "dnd5e",
      "flags": {}
    }
  ],
  "relationships": {
    "systems": [
      {
        "id": "dnd5e",
        "type": "system",
        "compatibility": {}
      }
    ],
    "requires": [
      {
        "id": "midi-qol",
        "type": "module",
        "compatibility": {}
      },
      {
        "id": "dae",
        "type": "module",
        "compatibility": {}
      }
    ]
  },
  "description": ""
}